FullName,LastFirst,FirstName,LastName,Party,County,District,FormattedDistrict,EmployeeNo,InOfficeCount,PossibleVoteCount,CorrectVoteCount,IncorrectVoteCount,AbsenceCount,PresidingCount,MaxLegislatorScore,RawScore,PercentMissed,VotingPercent,VotingGrade,SponsorRawScore,CombinedPercent,CombinedGrade
Rep. Matthew Santonastaso (R),"Santonastaso, Matthew",Matthew,Santonastaso,R,Cheshire,18,Cheshire-18,409052,55,55,55,0,0,0,96,96,0,100,A+,1.999999999925,101.999999999925,A+
Rep. Josh Yokela (R),"Yokela, Josh",Josh,Yokela,R,Rockingham,32,Rockingham-32,408926,55,55,55,0,0,0,96,96,0,100,A+,1.1666666667,101.1666666667,A+
Rep. Alicia Lekas (R),"Lekas, Alicia",Alicia,Lekas,R,Hillsborough,38,Hillsborough-38,408880,55,55,55,0,0,0,96,96,0,100,A+,0.9166666666,100.9166666666,A+
Rep. Emily Phillips (R),"Phillips, Emily",Emily,Phillips,R,Rockingham,7,Rockingham-07,409152,55,55,55,0,0,0,96,96,0,100,A+,0.25,100.25,A+
Rep. Michael Granger (R),"Granger, Michael",Michael,Granger,R,Strafford,2,Strafford-02,409103,55,55,55,0,0,0,96,96,0,100,A+,0.16666666665,100.16666666665,A+
Rep. Glenn Bailey (R),"Bailey, Glenn",Glenn,Bailey,R,Strafford,2,Strafford-02,409046,55,55,54,1,0,0,96,94,0,97.9166666666667,A+,1.66666666675,99.5833333334167,A+
Rep. Tony Lekas (R),"Lekas, Tony",Tony,Lekas,R,Hillsborough,38,Hillsborough-38,408881,55,55,54,1,0,0,96,94,0,97.9166666666667,A+,1.4166666667,99.3333333333667,A+
Rep. Tom Mannion (R),"Mannion, Tom",Tom,Mannion,R,Hillsborough,1,Hillsborough-01,409126,55,55,54,1,0,0,96,94,0,97.9166666666667,A+,0.33333333335,98.2500000000167,A+
Rep. Travis Corcoran (R),"Corcoran, Travis",Travis,Corcoran,R,Hillsborough,44,Hillsborough-44,409083,55,55,54,1,0,0,96,94,0,97.9166666666667,A+,0.3333333333,98.2499999999667,A+
Rep. Michael Costable (R),"Costable, Michael",Michael,Costable,R,Carroll,8,Carroll-08,408389,55,55,54,1,0,0,96,94,0,97.9166666666667,A+,0,97.9166666666667,A+
Rep. Julius Soti (R),"Soti, Julius",Julius,Soti,R,Rockingham,35,Rockingham-35,409036,55,55,54,1,0,0,96,94,0,97.9166666666667,A+,0,97.9166666666667,A+
Rep. Leah Cushman (R),"Cushman, Leah",Leah,Cushman,R,Hillsborough,28,Hillsborough-28,408994,55,55,52,3,0,0,96,92,0,95.8333333333333,A,1.999999999975,97.8333333333083,A+
Rep. J.R. Hoell (R),"Hoell, J.R.",J.R.,Hoell,R,Merrimack,27,Merrimack-27,376949,55,55,53,2,0,0,96,92,0,95.8333333333333,A,0.583333333275,96.4166666666083,A
Rep. Matthew Coulon (R),"Coulon, Matthew",Matthew,Coulon,R,Grafton,5,Grafton-05,409193,55,55,52,3,0,0,96,92,0,95.8333333333333,A,0.16666666665,95.9999999999834,A
Rep. Carol McGuire (R),"McGuire, Carol",Carol,McGuire,R,Merrimack,27,Merrimack-27,376841,55,55,52,3,0,0,96,91,0,94.7916666666667,A,1.083333333375,95.8750000000417,A
Rep. Dan McGuire (R),"McGuire, Dan",Dan,McGuire,R,Merrimack,14,Merrimack-14,376984,55,55,53,2,0,0,96,92,0,95.8333333333333,A,0,95.8333333333333,A
Rep. Lex Berezhny (R),"Berezhny, Lex",Lex,Berezhny,R,Grafton,11,Grafton-11,408988,55,55,53,2,0,0,96,92,0,95.8333333333333,A,0,95.8333333333333,A
Rep. Michael Harrington (R),"Harrington, Michael",Michael,Harrington,R,Strafford,18,Strafford-18,376347,55,55,51,2,2,0,96,91.5,3.63636363636364,95.3125,A,0.5,95.8125,A
Rep. Jason Gerhard (R),"Gerhard, Jason",Jason,Gerhard,R,Merrimack,25,Merrimack-25,409099,55,55,52,3,0,0,96,91,0,94.7916666666667,A,0,94.7916666666667,A
Rep. Scott Wallace (R),"Wallace, Scott",Scott,Wallace,R,Rockingham,8,Rockingham-08,408431,55,55,51,4,0,0,96,90,0,93.75,A,0.6666666667,94.4166666667,A
Rep. Kristine Perez (R),"Perez, Kristine",Kristine,Perez,R,Rockingham,16,Rockingham-16,409150,55,55,52,3,0,0,96,90,0,93.75,A,0,93.75,A
Rep. Kristin Noble (R),"Noble, Kristin",Kristin,Noble,R,Hillsborough,2,Hillsborough-02,409140,55,55,52,3,0,0,96,90,0,93.75,A,0,93.75,A
Rep. Yury Polozov (R),"Polozov, Yury",Yury,Polozov,R,Merrimack,10,Merrimack-10,409153,55,55,49,0,6,0,96,89.5,10.9090909090909,93.2291666666667,A,0.33333333335,93.5625000000167,A
Rep. Lino Avellani (R),"Avellani, Lino",Lino,Avellani,R,Carroll,4,Carroll-04,377205,55,55,51,4,0,0,96,89,0,92.7083333333333,A,0,92.7083333333333,A
Rep. Dan Hynes (I),"Hynes, Dan",Dan,Hynes,I,Hillsborough,2,Hillsborough-02,408333,55,55,46,0,9,0,96,87,16.3636363636364,90.625,A-,1.583333333375,92.208333333375,A
Rep. Barbara Comtois (R),"Comtois, Barbara",Barbara,Comtois,R,Belknap,7,Belknap-07,408274,55,55,48,1,6,0,96,88,10.9090909090909,91.6666666666667,A-,0.41666666665,92.0833333333167,A
Rep. Daniel Popovici-Muller (R),"Popovici-Muller, Daniel",Daniel,Popovici-Muller,R,Rockingham,17,Rockingham-17,409154,55,55,51,4,0,0,96,88,0,91.6666666666667,A-,0.25,91.9166666666667,A-
Rep. Chris True (R),"True, Chris",Chris,True,R,Rockingham,9,Rockingham-09,377268,55,55,50,5,0,0,96,88,0,91.6666666666667,A-,0.083333333325,91.7499999999917,A-
Rep. Keith Erf (R),"Erf, Keith",Keith,Erf,R,Hillsborough,28,Hillsborough-28,408845,55,55,51,4,0,0,96,88,0,91.6666666666667,A-,0,91.6666666666667,A-
Rep. Seth King (R),"King, Seth",Seth,King,R,Coos,4,Coos-04,409117,55,55,48,6,1,0,96,87.5,1.81818181818182,91.1458333333333,A-,0,91.1458333333333,A-
Rep. Jonathan Smith (R),"Smith, Jonathan",Jonathan,Smith,R,Carroll,5,Carroll-05,408971,55,55,50,5,0,0,96,87,0,90.625,A-,0.33333333335,90.95833333335,A-
Rep. Keith Ammon (R),"Ammon, Keith",Keith,Ammon,R,Hillsborough,42,Hillsborough-42,377204,55,55,49,6,0,0,96,87,0,90.625,A-,0,90.625,A-
Rep. Brian Seaworth (R),"Seaworth, Brian",Brian,Seaworth,R,Merrimack,12,Merrimack-12,377023,55,55,48,5,2,0,96,86.5,3.63636363636364,90.1041666666667,A-,0,90.1041666666667,A-
Rep. Jim Kofalt (R),"Kofalt, Jim",Jim,Kofalt,R,Hillsborough,32,Hillsborough-32,408995,55,55,51,4,0,0,96,86,0,89.5833333333333,A-,0.3333333333,89.9166666666334,A-
Rep. Gerald Griffin (R),"Griffin, Gerald",Gerald,Griffin,R,Hillsborough,42,Hillsborough-42,408314,55,55,48,7,0,0,96,86,0,89.5833333333333,A-,0,89.5833333333333,A-
Rep. Tom Ploszaj (R),"Ploszaj, Tom",Tom,Ploszaj,R,Belknap,1,Belknap-01,408962,55,55,50,5,0,0,96,86,0,89.5833333333333,A-,0,89.5833333333333,A-
Rep. Claudine Burnham (R),"Burnham, Claudine",Claudine,Burnham,R,Strafford,2,Strafford-02,409075,55,55,51,4,0,0,96,86,0,89.5833333333333,A-,0,89.5833333333333,A-
Rep. Diane Pauer (R),"Pauer, Diane",Diane,Pauer,R,Hillsborough,36,Hillsborough-36,409010,55,55,50,5,0,0,96,85,0,88.5416666666667,A-,0.750000000025,89.2916666666917,A-
Rep. Alvin See (R),"See, Alvin",Alvin,See,R,Merrimack,26,Merrimack-26,409165,55,55,50,5,0,0,96,85,0,88.5416666666667,A-,0.083333333325,88.6249999999917,A-
Rep. Shane Sirois (R),"Sirois, Shane",Shane,Sirois,R,Hillsborough,32,Hillsborough-32,409170,55,55,49,6,0,0,96,85,0,88.5416666666667,A-,0.083333333325,88.6249999999917,A-
Rep. Len Turcotte (R),"Turcotte, Len",Len,Turcotte,R,Strafford,4,Strafford-04,377269,55,55,50,5,0,0,96,85,0,88.5416666666667,A-,0,88.5416666666667,A-
Rep. Kelley Potenza (R),"Potenza, Kelley",Kelley,Potenza,R,Strafford,19,Strafford-19,409156,55,55,40,0,15,0,96,85,27.2727272727273,88.5416666666667,A-,0,88.5416666666667,A-
Rep. Cyril Aures (R),"Aures, Cyril",Cyril,Aures,R,Merrimack,13,Merrimack-13,409061,55,55,50,5,0,0,96,85,0,88.5416666666667,A-,0,88.5416666666667,A-
Rep. Stephen Boyd (R),"Boyd, Stephen",Stephen,Boyd,R,Merrimack,10,Merrimack-10,409029,55,55,49,6,0,0,96,85,0,88.5416666666667,A-,0,88.5416666666667,A-
Rep. David Love (R),"Love, David",David,Love,R,Rockingham,13,Rockingham-13,408905,55,55,50,5,0,0,96,84,0,87.5,A-,0.166666666675,87.666666666675,A-
Rep. Tim McGough (R),"McGough, Tim",Tim,McGough,R,Hillsborough,12,Hillsborough-12,376150,55,55,49,6,0,0,96,84,0,87.5,A-,0,87.5,A-
Rep. Clifford Newton (R),"Newton, Clifford",Clifford,Newton,R,Strafford,6,Strafford-06,376503,55,55,49,6,0,0,96,84,0,87.5,A-,0,87.5,A-
Rep. Paul Terry (R),"Terry, Paul",Paul,Terry,R,Belknap,7,Belknap-07,409053,55,55,49,6,0,0,96,84,0,87.5,A-,0,87.5,A-
Rep. Ron Dunn (R),"Dunn, Ron",Ron,Dunn,R,Rockingham,16,Rockingham-16,409092,55,55,49,6,0,0,96,84,0,87.5,A-,0,87.5,A-
Rep. Walter Spilsbury (R),"Spilsbury, Walter",Walter,Spilsbury,R,Sullivan,3,Sullivan-03,409050,55,55,47,8,0,0,96,84,0,87.5,A-,0,87.5,A-
Rep. Mark McLean (R),"McLean, Mark",Mark,McLean,R,Hillsborough,15,Hillsborough-15,377251,55,55,38,2,15,0,96,83,27.2727272727273,86.4583333333333,B+,0.666666666675,87.1250000000083,A-
Rep. Thomas Kaczynski (R),"Kaczynski, Thomas",Thomas,Kaczynski,R,Strafford,5,Strafford-05,377241,55,55,41,0,14,0,96,83.5,25.4545454545454,86.9791666666667,B+,0,86.9791666666667,B+
Rep. Jason Osborne (R),"Osborne, Jason",Jason,Osborne,R,Rockingham,2,Rockingham-02,377253,55,55,46,8,1,0,96,82.5,1.81818181818182,85.9375,B+,0.833333333375,86.770833333375,B+
Rep. Sherman Packard (R),"Packard, Sherman",Sherman,Packard,R,Rockingham,16,Rockingham-16,375453,55,55,5,0,3,47,15,13,5.45454545454545,86.6666666666667,Spkr,0,86.6666666666667,Spkr
Rep. Jeffrey Tenczar (R),"Tenczar, Jeffrey",Jeffrey,Tenczar,R,Hillsborough,1,Hillsborough-01,409181,55,55,48,7,0,0,96,83,0,86.4583333333333,B+,0,86.4583333333333,B+
Rep. Diane Kelley (R),"Kelley, Diane",Diane,Kelley,R,Hillsborough,32,Hillsborough-32,409009,55,55,48,7,0,0,96,83,0,86.4583333333333,B+,0,86.4583333333333,B+
Rep. Erica Layon (R),"Layon, Erica",Erica,Layon,R,Rockingham,13,Rockingham-13,409035,55,55,46,9,0,0,96,82,0,85.4166666666667,B+,1.000000000025,86.4166666666917,B+
Rep. James Spillane (R),"Spillane, James",James,Spillane,R,Rockingham,2,Rockingham-02,377264,55,55,47,7,1,0,96,82.5,1.81818181818182,85.9375,B+,0.416666666675,86.354166666675,B+
Rep. Joe Sweeney (R),"Sweeney, Joe",Joe,Sweeney,R,Rockingham,25,Rockingham-25,377174,55,55,47,8,0,0,96,83,0,86.4583333333333,B+,-0.25,86.2083333333333,B+
Rep. Lisa Mazur (R),"Mazur, Lisa",Lisa,Mazur,R,Hillsborough,44,Hillsborough-44,409129,55,55,48,7,0,0,96,82,0,85.4166666666667,B+,0.3333333333,85.7499999999667,B+
Rep. Stephen Kennedy (R),"Kennedy, Stephen",Stephen,Kennedy,R,Hillsborough,13,Hillsborough-13,409115,55,55,47,8,0,0,96,82,0,85.4166666666667,B+,0,85.4166666666667,B+
Rep. Louise Andrus (R),"Andrus, Louise",Louise,Andrus,R,Merrimack,5,Merrimack-05,409020,55,55,47,8,0,0,96,82,0,85.4166666666667,B+,0,85.4166666666667,B+
Rep. Jeffrey Greeson (R),"Greeson, Jeffrey",Jeffrey,Greeson,R,Grafton,6,Grafton-06,408993,55,55,48,7,0,0,96,82,0,85.4166666666667,B+,0,85.4166666666667,B+
Rep. Gregory Hill (R),"Hill, Gregory",Gregory,Hill,R,Merrimack,2,Merrimack-02,376948,55,55,46,8,1,0,96,81,1.81818181818182,84.375,B+,0.5833333333,84.9583333333,B+
Rep. Jacob Brouillard (R),"Brouillard, Jacob",Jacob,Brouillard,R,Rockingham,1,Rockingham-01,409072,55,55,43,7,5,0,96,81.5,9.09090909090909,84.8958333333333,B+,0,84.8958333333333,B+
Rep. David Rochefort (R),"Rochefort, David",David,Rochefort,R,Grafton,1,Grafton-01,409162,55,55,47,8,0,0,96,81,0,84.375,B+,0.5,84.875,B+
Rep. Jordan Ulery (R),"Ulery, Jordan",Jordan,Ulery,R,Hillsborough,13,Hillsborough-13,376635,55,55,46,9,0,0,96,81,0,84.375,B+,0.25,84.625,B+
Rep. Joseph Pitre (R),"Pitre, Joseph",Joseph,Pitre,R,Strafford,1,Strafford-01,377005,55,55,47,8,0,0,96,81,0,84.375,B+,0,84.375,B+
Rep. Arlene Quaratiello (R),"Quaratiello, Arlene",Arlene,Quaratiello,R,Rockingham,18,Rockingham-18,409157,55,55,48,7,0,0,96,81,0,84.375,B+,0,84.375,B+
Rep. James Qualey (R),"Qualey, James",James,Qualey,R,Cheshire,18,Cheshire-18,408977,55,55,46,9,0,0,96,81,0,84.375,B+,0,84.375,B+
Rep. Tony Piemonte (R),"Piemonte, Tony",Tony,Piemonte,R,Rockingham,9,Rockingham-09,408902,55,55,45,9,1,0,96,81,1.81818181818182,84.375,B+,0,84.375,B+
Rep. Lisa Post (R),"Post, Lisa",Lisa,Post,R,Hillsborough,42,Hillsborough-42,408996,55,55,44,9,2,0,96,80.5,3.63636363636364,83.8541666666667,B+,0.500000000025,84.3541666666917,B+
Rep. Brandon Phinney (R),"Phinney, Brandon",Brandon,Phinney,R,Strafford,9,Strafford-09,408447,55,55,38,2,15,0,96,80,27.2727272727273,83.3333333333333,B+,0.58333333335,83.9166666666833,B+
Rep. Katelyn Kuttab (R),"Kuttab, Katelyn",Katelyn,Kuttab,R,Rockingham,17,Rockingham-17,409119,55,55,46,8,1,0,96,80.5,1.81818181818182,83.8541666666667,B+,-0.25,83.6041666666667,B+
Rep. Vanessa Sheehan (R),"Sheehan, Vanessa",Vanessa,Sheehan,R,Hillsborough,43,Hillsborough-43,409007,55,55,47,8,0,0,96,80,0,83.3333333333333,B+,0.16666666665,83.4999999999834,B+
Rep. Ross Berry (R),"Berry, Ross",Ross,Berry,R,Hillsborough,39,Hillsborough-39,409019,55,55,44,9,2,0,96,79,3.63636363636364,82.2916666666667,B+,1.08333333335,83.3750000000167,B+
Rep. Larry Gagne (R),"Gagne, Larry",Larry,Gagne,R,Hillsborough,16,Hillsborough-16,376814,55,55,46,9,0,0,96,80,0,83.3333333333333,B+,-0.166666666675,83.1666666666584,B+
Rep. Michael Moffett (R),"Moffett, Michael",Michael,Moffett,R,Merrimack,4,Merrimack-04,407144,55,55,47,8,0,0,96,80,0,83.3333333333333,B+,-0.750000000025,82.5833333333084,B+
Rep. JD Bernardy (R),"Bernardy, JD",JD,Bernardy,R,Rockingham,36,Rockingham-36,409041,55,55,47,8,0,0,96,79,0,82.2916666666667,B+,0.16666666665,82.4583333333167,B+
Rep. Mark McConkey (R),"McConkey, Mark",Mark,McConkey,R,Carroll,8,Carroll-08,376495,55,55,44,8,3,0,96,79,5.45454545454545,82.2916666666667,B+,0,82.2916666666667,B+
Rep. Dave Testerman (R),"Testerman, Dave",Dave,Testerman,R,Merrimack,3,Merrimack-03,408369,55,55,44,9,2,0,96,79,3.63636363636364,82.2916666666667,B+,0,82.2916666666667,B+
Rep. Harry Bean (R),"Bean, Harry",Harry,Bean,R,Belknap,6,Belknap-06,408817,55,55,44,6,5,0,96,79,9.09090909090909,82.2916666666667,B+,0,82.2916666666667,B+
Rep. Richard Beaudoin (R),"Beaudoin, Richard",Richard,Beaudoin,R,Belknap,6,Belknap-06,408820,55,55,43,6,6,0,96,79,10.9090909090909,82.2916666666667,B+,0,82.2916666666667,B+
Rep. Andrew Prout (R),"Prout, Andrew",Andrew,Prout,R,Hillsborough,13,Hillsborough-13,408359,55,55,40,1,14,0,96,78.5,25.4545454545454,81.7708333333333,B+,0.416666666675,82.1875000000084,B+
Rep. Matthew Simon (R),"Simon, Matthew",Matthew,Simon,R,Grafton,1,Grafton-01,409054,55,55,46,8,1,0,96,78.5,1.81818181818182,81.7708333333333,B+,0.333333333325,82.1041666666583,B+
Rep. Juliet Harvey-Bolia (R),"Harvey-Bolia, Juliet",Juliet,Harvey-Bolia,R,Belknap,3,Belknap-03,408967,55,55,44,11,0,0,96,78,0,81.25,B+,0.750000000025,82.000000000025,B+
Rep. Jeanine Notter (R),"Notter, Jeanine",Jeanine,Notter,R,Hillsborough,12,Hillsborough-12,376991,55,55,45,10,0,0,96,78,0,81.25,B+,0.75,82,B+
Rep. Jess Edwards (R),"Edwards, Jess",Jess,Edwards,R,Rockingham,31,Rockingham-31,408392,55,55,41,11,3,0,96,78,5.45454545454545,81.25,B+,0.666666666675,81.916666666675,B+
Rep. Jose Cambrils (R),"Cambrils, Jose",Jose,Cambrils,R,Merrimack,4,Merrimack-04,409025,55,55,45,8,2,0,96,78.5,3.63636363636364,81.7708333333333,B+,0,81.7708333333333,B+
Rep. Mike Drago (R),"Drago, Mike",Mike,Drago,R,Rockingham,4,Rockingham-04,409090,55,55,45,8,2,0,96,78.5,3.63636363636364,81.7708333333333,B+,0,81.7708333333333,B+
Rep. Susan Vandecasteele (R),"Vandecasteele, Susan",Susan,Vandecasteele,R,Rockingham,25,Rockingham-25,409038,55,55,33,5,17,0,96,78.5,30.9090909090909,81.7708333333333,B+,0,81.7708333333333,B+
Rep. James Horgan (R),"Horgan, James",James,Horgan,R,Strafford,1,Strafford-01,408434,55,55,46,9,0,0,96,78,0,81.25,B+,0,81.25,B+
Rep. Jonathan Stone (R),"Stone, Jonathan",Jonathan,Stone,R,Sullivan,8,Sullivan-08,409177,55,55,44,11,0,0,96,78,0,81.25,B+,0,81.25,B+
Rep. James Summers (R),"Summers, James",James,Summers,R,Rockingham,20,Rockingham-20,409179,55,55,45,10,0,0,96,78,0,81.25,B+,0,81.25,B+
Rep. John Potucek (R),"Potucek, John",John,Potucek,R,Rockingham,13,Rockingham-13,377257,55,55,43,12,0,0,96,78,0,81.25,B+,-0.08333333335,81.16666666665,B+
Rep. Bob Lynn (R),"Lynn, Bob",Bob,Lynn,R,Rockingham,17,Rockingham-17,409037,55,55,42,13,0,0,96,77,0,80.2083333333333,B+,0.83333333335,81.0416666666833,B+
Rep. Mike Belcher (R),"Belcher, Mike",Mike,Belcher,R,Carroll,4,Carroll-04,409194,55,55,41,5,9,0,96,78,16.3636363636364,81.25,B+,-0.5,80.75,B+
Rep. Phyllis Katsakiores (R),"Katsakiores, Phyllis",Phyllis,Katsakiores,R,Rockingham,13,Rockingham-13,332247,55,55,42,13,0,0,96,77,0,80.2083333333333,B+,0,80.2083333333333,B+
Rep. Fred Doucette (R),"Doucette, Fred",Fred,Doucette,R,Rockingham,25,Rockingham-25,377220,55,55,42,13,0,0,96,77,0,80.2083333333333,B+,0,80.2083333333333,B+
Rep. Richard Tripp (R),"Tripp, Richard",Richard,Tripp,R,Rockingham,13,Rockingham-13,408408,55,55,42,13,0,0,96,77,0,80.2083333333333,B+,0,80.2083333333333,B+
Rep. Lisa Smart (R),"Smart, Lisa",Lisa,Smart,R,Belknap,2,Belknap-02,409171,55,55,44,11,0,0,96,77,0,80.2083333333333,B+,0,80.2083333333333,B+
Rep. Robert Wherry (R),"Wherry, Robert",Robert,Wherry,R,Hillsborough,13,Hillsborough-13,409187,55,55,44,11,0,0,96,77,0,80.2083333333333,B+,0,80.2083333333333,B+
Rep. Zachary Nutting (R),"Nutting, Zachary",Zachary,Nutting,R,Cheshire,11,Cheshire-11,409141,55,55,43,12,0,0,96,77,0,80.2083333333333,B+,0,80.2083333333333,B+
Rep. Judy Aron (R),"Aron, Judy",Judy,Aron,R,Sullivan,4,Sullivan-04,408942,55,55,42,13,0,0,96,75,0,78.125,B,1.999999999975,80.124999999975,B+
Rep. Deb Hobson (R),"Hobson, Deb",Deb,Hobson,R,Rockingham,14,Rockingham-14,408927,55,55,44,9,2,0,96,77,3.63636363636364,80.2083333333333,B+,-0.25,79.9583333333333,B
Rep. Laurie Sanborn (R),"Sanborn, Laurie",Laurie,Sanborn,R,Hillsborough,2,Hillsborough-02,377016,55,55,41,13,1,0,96,76.5,1.81818181818182,79.6875,B,0,79.6875,B
Rep. Susan Porcelli (R),"Porcelli, Susan",Susan,Porcelli,R,Rockingham,19,Rockingham-19,409155,55,55,43,10,2,0,96,76.5,3.63636363636364,79.6875,B,0,79.6875,B
Rep. William Infantine (R),"Infantine, William",William,Infantine,R,Hillsborough,16,Hillsborough-16,376479,55,55,43,11,1,0,96,76.5,1.81818181818182,79.6875,B,-0.08333333335,79.60416666665,B
Rep. Fred Plett (R),"Plett, Fred",Fred,Plett,R,Hillsborough,29,Hillsborough-29,408952,55,55,41,14,0,0,96,76,0,79.1666666666667,B,0.25,79.4166666666667,B
Rep. John Leavitt (R),"Leavitt, John",John,Leavitt,R,Merrimack,10,Merrimack-10,408381,55,55,43,11,1,0,96,76,1.81818181818182,79.1666666666667,B,0,79.1666666666667,B
Rep. John Sellers (R),"Sellers, John",John,Sellers,R,Grafton,18,Grafton-18,409169,55,55,40,9,6,0,96,76,10.9090909090909,79.1666666666667,B,0,79.1666666666667,B
Rep. Richard Brown (R),"Brown, Richard",Richard,Brown,R,Carroll,3,Carroll-03,409073,55,55,42,13,0,0,96,76,0,79.1666666666667,B,0,79.1666666666667,B
Rep. Lilli Walsh (R),"Walsh, Lilli",Lilli,Walsh,R,Rockingham,15,Rockingham-15,409185,55,55,43,12,0,0,96,76,0,79.1666666666667,B,0,79.1666666666667,B
Rep. James Connor (R),"Connor, James",James,Connor,R,Strafford,19,Strafford-19,409082,55,55,40,6,9,0,96,76,16.3636363636364,79.1666666666667,B,0,79.1666666666667,B
Rep. Catherine Kenny (R),"Kenny, Catherine",Catherine,Kenny,R,Hillsborough,13,Hillsborough-13,409116,55,55,43,12,0,0,96,76,0,79.1666666666667,B,0,79.1666666666667,B
Rep. Kevin Verville (R),"Verville, Kevin",Kevin,Verville,R,Rockingham,2,Rockingham-02,408388,55,55,33,3,19,0,96,75,34.5454545454545,78.125,B,0.8333333333,78.9583333333,B
Rep. Sandra Panek (R),"Panek, Sandra",Sandra,Panek,R,Hillsborough,1,Hillsborough-01,409146,55,55,37,10,8,0,96,75.5,14.5454545454545,78.6458333333333,B,0.16666666665,78.8124999999833,B
Rep. Michael Vose (R),"Vose, Michael",Michael,Vose,R,Rockingham,5,Rockingham-05,377272,55,55,44,11,0,0,96,76,0,79.1666666666667,B,-0.5,78.6666666666667,B
Rep. Karen Reid (R),"Reid, Karen",Karen,Reid,R,Hillsborough,27,Hillsborough-27,409160,55,55,43,11,1,0,96,75.5,1.81818181818182,78.6458333333333,B,0,78.6458333333333,B
Rep. Katy Peternel (R),"Peternel, Katy",Katy,Peternel,R,Carroll,6,Carroll-06,409151,55,55,40,9,6,0,96,75,10.9090909090909,78.125,B,0.083333333325,78.208333333325,B
Rep. Thomas Walsh (R),"Walsh, Thomas",Thomas,Walsh,R,Merrimack,10,Merrimack-10,377187,55,55,33,6,16,0,96,75,29.0909090909091,78.125,B,0,78.125,B
Rep. Riché Colcombe (R),"Colcombe, Riché",Riché,Colcombe,R,Hillsborough,30,Hillsborough-30,409080,55,55,43,12,0,0,96,75,0,78.125,B,0,78.125,B
Rep. Charles Melvin (R),"Melvin, Charles",Charles,Melvin,R,Rockingham,20,Rockingham-20,408915,55,55,42,13,0,0,96,75,0,78.125,B,0,78.125,B
Rep. Robert Healey (R),"Healey, Robert",Robert,Healey,R,Hillsborough,12,Hillsborough-12,409001,55,55,41,14,0,0,96,75,0,78.125,B,0,78.125,B
Rep. Tanya Donnelly (R),"Donnelly, Tanya",Tanya,Donnelly,R,Rockingham,25,Rockingham-25,409089,55,55,41,14,0,0,96,75,0,78.125,B,0,78.125,B
Rep. Clayton Wood (R),"Wood, Clayton",Clayton,Wood,R,Merrimack,13,Merrimack-13,409188,55,55,43,12,0,0,96,75,0,78.125,B,0,78.125,B
Rep. Deborah Aylward (R),"Aylward, Deborah",Deborah,Aylward,R,Merrimack,5,Merrimack-05,409062,55,55,41,12,2,0,96,75,3.63636363636364,78.125,B,0,78.125,B
Rep. Maureen Mooney (R),"Mooney, Maureen",Maureen,Mooney,R,Hillsborough,12,Hillsborough-12,376501,55,55,43,12,0,0,96,75,0,78.125,B,-0.083333333325,78.041666666675,B
Rep. Tom Dolan (R),"Dolan, Tom",Tom,Dolan,R,Rockingham,16,Rockingham-16,408903,55,55,40,13,2,0,96,74.5,3.63636363636364,77.6041666666667,B,0,77.6041666666667,B
Rep. Ted Gorski (R),"Gorski, Ted",Ted,Gorski,R,Hillsborough,2,Hillsborough-02,408998,55,55,39,9,7,0,96,74,12.7272727272727,77.0833333333333,B,0.083333333325,77.1666666666583,B
Rep. Kenneth Weyler (R),"Weyler, Kenneth",Kenneth,Weyler,R,Rockingham,14,Rockingham-14,374470,55,55,41,14,0,0,96,74,0,77.0833333333333,B,0,77.0833333333333,B
Rep. Debra DeSimone (R),"DeSimone, Debra",Debra,DeSimone,R,Rockingham,18,Rockingham-18,376807,55,55,42,13,0,0,96,74,0,77.0833333333333,B,0,77.0833333333333,B
Rep. Valerie McDonnell (R),"McDonnell, Valerie",Valerie,McDonnell,R,Rockingham,25,Rockingham-25,409131,55,55,42,13,0,0,96,74,0,77.0833333333333,B,0,77.0833333333333,B
Rep. Walter Stapleton (R),"Stapleton, Walter",Walter,Stapleton,R,Sullivan,6,Sullivan-06,408955,55,55,41,14,0,0,96,74,0,77.0833333333333,B,-0.25,76.8333333333333,B
Rep. John Hunt (R),"Hunt, John",John,Hunt,R,Cheshire,14,Cheshire-14,372375,55,55,40,14,1,0,96,73.5,1.81818181818182,76.5625,B,0,76.5625,B
Rep. Jason Janvrin (R),"Janvrin, Jason",Jason,Janvrin,R,Rockingham,40,Rockingham-40,408422,55,55,39,10,6,0,96,73.5,10.9090909090909,76.5625,B,0,76.5625,B
Rep. Mike Ouellet (R),"Ouellet, Mike",Mike,Ouellet,R,Coos,3,Coos-03,409143,55,55,40,15,0,0,96,73,0,76.0416666666667,B,0,76.0416666666667,B
Rep. Carroll Brown (R),"Brown, Carroll",Carroll,Brown,R,Grafton,10,Grafton-10,409074,55,55,42,13,0,0,96,73,0,76.0416666666667,B,0,76.0416666666667,B
Rep. Lorie Ball (R),"Ball, Lorie",Lorie,Ball,R,Rockingham,25,Rockingham-25,409065,55,55,40,15,0,0,96,73,0,76.0416666666667,B,0,76.0416666666667,B
Rep. Andrew Renzullo (R),"Renzullo, Andrew",Andrew,Renzullo,R,Hillsborough,13,Hillsborough-13,376618,55,55,41,14,0,0,96,73,0,76.0416666666667,B,-0.25,75.7916666666667,B
Rep. Skip Rollins (R),"Rollins, Skip",Skip,Rollins,R,Sullivan,3,Sullivan-03,377163,55,55,42,11,2,0,96,73,3.63636363636364,76.0416666666667,B,-0.25,75.7916666666667,B
Rep. Charles McMahon (R),"McMahon, Charles",Charles,McMahon,R,Rockingham,17,Rockingham-17,376498,55,55,41,14,0,0,96,73,0,76.0416666666667,B,-0.5,75.5416666666667,B
Rep. Richard Lascelles (R),"Lascelles, Richard",Richard,Lascelles,R,Hillsborough,14,Hillsborough-14,408331,55,55,39,15,1,0,96,72.5,1.81818181818182,75.5208333333333,B,0,75.5208333333333,B
Rep. Ralph Boehm (R),"Boehm, Ralph",Ralph,Boehm,R,Hillsborough,14,Hillsborough-14,376553,55,55,40,15,0,0,96,72,0,75,B,0.16666666665,75.16666666665,B
Rep. Joe Alexander (R),"Alexander, Joe",Joe,Alexander,R,Hillsborough,29,Hillsborough-29,408950,55,55,40,13,2,0,96,72.5,3.63636363636364,75.5208333333333,B,-0.5,75.0208333333333,B
Rep. Dick Thackston (R),"Thackston, Dick",Dick,Thackston,R,Cheshire,12,Cheshire-12,409190,55,55,37,16,2,0,96,72,3.63636363636364,75,B,0,75,B
Rep. John Janigian (R),"Janigian, John",John,Janigian,R,Rockingham,25,Rockingham-25,408412,55,55,39,15,1,0,96,72,1.81818181818182,75,B,0,75,B
Rep. Kimberly Abare (R),"Abare, Kimberly",Kimberly,Abare,R,Hillsborough,1,Hillsborough-01,409060,55,55,39,15,1,0,96,72,1.81818181818182,75,B,0,75,B
Rep. Nikki McCarter (R),"McCarter, Nikki",Nikki,McCarter,R,Belknap,8,Belknap-08,409130,55,55,37,5,13,0,96,72,23.6363636363636,75,B,0,75,B
Rep. Paul Tudor (R),"Tudor, Paul",Paul,Tudor,R,Rockingham,1,Rockingham-01,409030,55,55,39,16,0,0,96,72,0,75,B,0,75,B
Rep. David Bickford (R),"Bickford, David",David,Bickford,R,Strafford,3,Strafford-03,376083,55,55,40,14,1,0,96,71.5,1.81818181818182,74.4791666666667,B,0,74.4791666666667,B
Rep. Aboul Khan (R),"Khan, Aboul",Aboul,Khan,R,Rockingham,30,Rockingham-30,377130,55,55,37,13,5,0,96,71.5,9.09090909090909,74.4791666666667,B,0,74.4791666666667,B
Rep. Tracy Emerick (R),"Emerick, Tracy",Tracy,Emerick,R,Rockingham,29,Rockingham-29,377094,55,55,37,15,3,0,96,71,5.45454545454545,73.9583333333333,B,0,73.9583333333333,B
Rep. Troy Merner (R),"Merner, Troy",Troy,Merner,R,Coos,1,Coos-01,408060,55,55,39,16,0,0,96,71,0,73.9583333333333,B,0,73.9583333333333,B
Rep. Dennis Mannion (R),"Mannion, Dennis",Dennis,Mannion,R,Rockingham,25,Rockingham-25,409127,55,55,37,12,6,0,96,71,10.9090909090909,73.9583333333333,B,0,73.9583333333333,B
Rep. Joseph Guthrie (R),"Guthrie, Joseph",Joseph,Guthrie,R,Rockingham,15,Rockingham-15,376127,55,55,34,6,15,0,96,71,27.2727272727273,73.9583333333333,B,-0.25,73.7083333333333,B
Rep. Mark Pearson (R),"Pearson, Mark",Mark,Pearson,R,Rockingham,34,Rockingham-34,408749,55,55,39,16,0,0,96,71,0,73.9583333333333,B,-0.416666666675,73.5416666666584,B
Rep. Stephen Pearson (R),"Pearson, Stephen",Stephen,Pearson,R,Rockingham,13,Rockingham-13,408906,55,55,39,16,0,0,96,71,0,73.9583333333333,B,-0.5,73.4583333333333,B
Rep. Russell Dumais (R),"Dumais, Russell",Russell,Dumais,R,Belknap,6,Belknap-06,377221,55,55,32,8,15,0,96,70.5,27.2727272727273,73.4375,B,0,73.4375,B
Rep. Linda Gould (R),"Gould, Linda",Linda,Gould,R,Hillsborough,2,Hillsborough-02,377299,55,55,35,9,11,0,96,70.5,20,73.4375,B,-0.25,73.1875,B
Rep. Douglas Thomas (R),"Thomas, Douglas",Douglas,Thomas,R,Rockingham,16,Rockingham-16,377267,55,55,39,16,0,0,96,70,0,72.9166666666667,B-,0.083333333325,72.9999999999917,B-
Rep. Sheila Seidel (R),"Seidel, Sheila",Sheila,Seidel,R,Hillsborough,29,Hillsborough-29,409167,55,55,40,15,0,0,96,71,0,73.9583333333333,B,-1,72.9583333333333,B-
Rep. Peter Varney (R),"Varney, Peter",Peter,Varney,R,Belknap,7,Belknap-07,377271,55,55,32,9,14,0,96,69.5,25.4545454545454,72.3958333333333,B-,0,72.3958333333333,B-
Rep. Jodi Nelson (R),"Nelson, Jodi",Jodi,Nelson,R,Rockingham,13,Rockingham-13,409059,55,55,35,11,9,0,96,69.5,16.3636363636364,72.3958333333333,B-,0,72.3958333333333,B-
Rep. Rick Ladd (R),"Ladd, Rick",Rick,Ladd,R,Grafton,5,Grafton-05,376832,55,55,38,17,0,0,96,69,0,71.875,B-,0.083333333325,71.958333333325,B-
Rep. Katherine Prudhomme-O'Brien (R),"Prudhomme-O'Brien, Katherine",Katherine,Prudhomme-O'Brien,R,Rockingham,13,Rockingham-13,377258,55,55,38,17,0,0,96,69,0,71.875,B-,0.083333333325,71.958333333325,B-
Rep. James Tierney (R),"Tierney, James",James,Tierney,R,Coos,1,Coos-01,409191,55,55,38,17,0,0,96,69,0,71.875,B-,0,71.875,B-
Rep. Arnold Davis (R),"Davis, Arnold",Arnold,Davis,R,Coos,2,Coos-02,408983,55,55,38,17,0,0,96,69,0,71.875,B-,0,71.875,B-
Rep. Margaret Drye (R),"Drye, Margaret",Margaret,Drye,R,Sullivan,7,Sullivan-07,409091,55,55,40,15,0,0,96,69,0,71.875,B-,-0.5,71.375,B-
Rep. Travis O'Hara (R),"O'Hara, Travis",Travis,O'Hara,R,Belknap,4,Belknap-04,408970,55,55,24,6,25,0,96,68,45.4545454545455,70.8333333333333,B-,0,70.8333333333333,B-
Rep. Kevin Pratt (R),"Pratt, Kevin",Kevin,Pratt,R,Rockingham,4,Rockingham-04,408900,55,55,37,18,0,0,96,68,0,70.8333333333333,B-,0,70.8333333333333,B-
Rep. Bill King (R),"King, Bill",Bill,King,R,Hillsborough,43,Hillsborough-43,409006,55,55,35,19,1,0,96,67.5,1.81818181818182,70.3125,B-,0.083333333325,70.395833333325,B-
Rep. David Lundgren (R),"Lundgren, David",David,Lundgren,R,Rockingham,16,Rockingham-16,376972,55,55,32,13,10,0,96,67.5,18.1818181818182,70.3125,B-,0,70.3125,B-
Rep. Robert Harb (R),"Harb, Robert",Robert,Harb,R,Rockingham,20,Rockingham-20,408914,55,55,37,17,1,0,96,67.5,1.81818181818182,70.3125,B-,0,70.3125,B-
Rep. Jim Creighton (R),"Creighton, Jim",Jim,Creighton,R,Hillsborough,30,Hillsborough-30,409017,55,55,36,19,0,0,96,67,0,69.7916666666667,B-,0,69.7916666666667,B-
Rep. Wayne MacDonald (R),"MacDonald, Wayne",Wayne,MacDonald,R,Rockingham,16,Rockingham-16,409051,55,55,28,12,15,0,96,67,27.2727272727273,69.7916666666667,B-,-0.25,69.5416666666667,B-
Rep. Jim Fedolfi (R),"Fedolfi, Jim",Jim,Fedolfi,R,Hillsborough,30,Hillsborough-30,408299,55,55,27,13,15,0,96,66.5,27.2727272727273,69.2708333333333,B-,0,69.2708333333333,B-
Rep. Charles Foote (R),"Foote, Charles",Charles,Foote,R,Rockingham,13,Rockingham-13,409096,55,55,25,8,22,0,96,66.5,40,69.2708333333333,B-,0,69.2708333333333,B-
Rep. Steven Bogert (R),"Bogert, Steven",Steven,Bogert,R,Belknap,5,Belknap-05,409069,55,55,35,20,0,0,96,66,0,68.75,B-,0.41666666665,69.16666666665,B-
Rep. Terry Roy (R),"Roy, Terry",Terry,Roy,R,Rockingham,31,Rockingham-31,408925,55,55,35,17,3,0,96,66,5.45454545454545,68.75,B-,0.33333333335,69.08333333335,B-
Rep. David Milz (R),"Milz, David",David,Milz,R,Rockingham,13,Rockingham-13,377147,55,55,28,12,15,0,96,66,27.2727272727273,68.75,B-,0,68.75,B-
Rep. Oliver Ford (R),"Ford, Oliver",Oliver,Ford,R,Rockingham,3,Rockingham-03,409033,55,55,37,18,0,0,96,66,0,68.75,B-,0,68.75,B-
Rep. Aidan Ankarberg (R),"Ankarberg, Aidan",Aidan,Ankarberg,R,Strafford,7,Strafford-07,409047,55,55,24,4,27,0,96,65.5,49.0909090909091,68.2291666666667,B-,0.3333333333,68.5624999999667,B-
Rep. Mark Proulx (R),"Proulx, Mark",Mark,Proulx,R,Hillsborough,15,Hillsborough-15,377007,55,55,33,17,5,0,96,65.5,9.09090909090909,68.2291666666667,B-,-0.5,67.7291666666667,B-
Rep. John Sytek (R),"Sytek, John",John,Sytek,R,Rockingham,25,Rockingham-25,375692,55,55,34,15,6,0,96,65,10.9090909090909,67.7083333333333,B-,0,67.7083333333333,B-
Rep. Brian Cole (R),"Cole, Brian",Brian,Cole,R,Hillsborough,26,Hillsborough-26,409192,55,55,25,10,20,0,96,64.5,36.3636363636364,67.1875,B-,0,67.1875,B-
Rep. John Lewicke (R),"Lewicke, John",John,Lewicke,R,Hillsborough,36,Hillsborough-36,408346,55,55,22,4,29,0,96,64.5,52.7272727272727,67.1875,INC,0,67.1875,INC
Rep. Glenn Cordelli (R),"Cordelli, Glenn",Glenn,Cordelli,R,Carroll,7,Carroll-07,377085,55,55,31,13,11,0,96,64.5,20,67.1875,B-,-0.08333333335,67.10416666665,B-
Rep. David Nagel (R),"Nagel, David",David,Nagel,R,Belknap,6,Belknap-06,409138,55,55,34,15,6,0,96,63.5,10.9090909090909,66.1458333333333,C+,0,66.1458333333333,C+
Rep. John MacDonald (R),"MacDonald, John",John,MacDonald,R,Carroll,6,Carroll-06,408825,55,55,33,17,5,0,96,63.5,9.09090909090909,66.1458333333333,C+,0,66.1458333333333,C+
Rep. Karel Crawford (R),"Crawford, Karel",Karel,Crawford,R,Carroll,3,Carroll-03,377087,55,55,29,12,14,0,96,63,25.4545454545454,65.625,C+,-0.25,65.375,C+
Rep. Jennifer Rhodes (R),"Rhodes, Jennifer",Jennifer,Rhodes,R,Cheshire,17,Cheshire-17,408979,55,55,34,21,0,0,96,63,0,65.625,C+,-0.25,65.375,C+
Rep. Mike Bordes (R),"Bordes, Mike",Mike,Bordes,R,Belknap,5,Belknap-05,408963,55,55,28,14,13,0,96,63.5,23.6363636363636,66.1458333333333,C+,-1,65.1458333333333,C+
Rep. Bill Boyd (R),"Boyd, Bill",Bill,Boyd,R,Hillsborough,12,Hillsborough-12,409055,55,55,28,14,13,0,96,62.5,23.6363636363636,65.1041666666667,C+,-0.5,64.6041666666667,C+
Rep. Tim Cahill (R),"Cahill, Tim",Tim,Cahill,R,Rockingham,4,Rockingham-04,409076,55,55,25,13,17,0,96,61.5,30.9090909090909,64.0625,C+,0,64.0625,C+
Rep. Tina Harley (R),"Harley, Tina",Tina,Harley,R,Rockingham,30,Rockingham-30,409044,55,55,28,15,12,0,96,61.5,21.8181818181818,64.0625,C+,0,64.0625,C+
Rep. Steven Smith (R),"Smith, Steven",Steven,Smith,R,Sullivan,3,Sullivan-03,377031,55,55,24,15,10,6,87,53,18.1818181818182,60.9195402298851,C+,0,60.9195402298851,C+
Rep. James Mason (R),"Mason, James",James,Mason,R,Merrimack,3,Merrimack-03,409021,55,55,19,16,20,0,96,53.5,36.3636363636364,55.7291666666667,C,0,55.7291666666667,C
Rep. Douglas Trottier (R),"Trottier, Douglas",Douglas,Trottier,R,Belknap,8,Belknap-08,408969,55,55,13,11,31,0,96,53,56.3636363636364,55.2083333333333,INC,0,55.2083333333333,INC
Rep. Benjamin Bartlett (R),"Bartlett, Benjamin",Benjamin,Bartlett,R,Rockingham,1,Rockingham-01,409067,49,55,0,0,49,0,90,45,100,50,INC,0,50,INC
Rep. William Hatch (D),"Hatch, William",William,Hatch,D,Coos,6,Coos-06,376674,55,55,3,12,40,0,96,40,72.7272727272727,41.6666666666667,INC,0,41.6666666666667,INC
Rep. Matthew Coker (D),"Coker, Matthew",Matthew,Coker,D,Belknap,2,Belknap-02,409079,55,55,20,32,3,0,96,38.5,5.45454545454545,40.1041666666667,C-,0.25,40.3541666666667,C-
Rep. William Dolan (D),"Dolan, William",William,Dolan,D,Hillsborough,9,Hillsborough-09,409088,55,55,2,16,37,0,96,37,67.2727272727273,38.5416666666667,INC,0,38.5416666666667,INC
Rep. Sherry Gould (D),"Gould, Sherry",Sherry,Gould,D,Merrimack,8,Merrimack-08,409102,55,55,15,30,10,0,96,36.5,18.1818181818182,38.0208333333333,D+,-0.25,37.7708333333333,D+
Rep. Alan Turcotte (D),"Turcotte, Alan",Alan,Turcotte,D,Merrimack,11,Merrimack-11,377183,55,55,17,37,1,0,96,34,1.81818181818182,35.4166666666667,D+,0,35.4166666666667,D+
Rep. Benjamin Baroody (D),"Baroody, Benjamin",Benjamin,Baroody,D,Hillsborough,39,Hillsborough-39,374801,55,55,7,26,22,0,96,33,40,34.375,D+,-0.5,33.875,D+
Rep. Thomas Schamberg (D),"Schamberg, Thomas",Thomas,Schamberg,D,Merrimack,6,Merrimack-06,377166,55,55,5,22,28,0,96,33,50.9090909090909,34.375,INC,-0.5,33.875,INC
Rep. Trinidad Tellez (D),"Tellez, Trinidad",Trinidad,Tellez,D,Hillsborough,40,Hillsborough-40,409180,55,55,3,23,29,0,96,32.5,52.7272727272727,33.8541666666667,INC,-0.25,33.6041666666667,INC
Rep. Christal Lloyd (D),"Lloyd, Christal",Christal,Lloyd,D,Hillsborough,8,Hillsborough-08,409124,55,55,5,26,24,0,96,31,43.6363636363636,32.2916666666667,D,0,32.2916666666667,D
Rep. Jonah Wheeler (D),"Wheeler, Jonah",Jonah,Wheeler,D,Hillsborough,33,Hillsborough-33,409186,55,55,14,40,1,0,96,30.5,1.81818181818182,31.7708333333333,D,0.500000000025,32.2708333333583,D
Rep. Matthew Hicks (D),"Hicks, Matthew",Matthew,Hicks,D,Merrimack,24,Merrimack-24,409108,55,55,12,32,11,0,96,30.5,20,31.7708333333333,D,0,31.7708333333333,D
Rep. Dan Wolf (R),"Wolf, Dan",Dan,Wolf,R,Merrimack,7,Merrimack-07,802694,55,55,13,35,7,0,96,30,12.7272727272727,31.25,D,-0.416666666675,30.833333333325,D
Rep. Hoy Menear (D),"Menear, Hoy",Hoy,Menear,D,Strafford,11,Strafford-11,377145,55,55,2,26,27,0,96,28.5,49.0909090909091,29.6875,D,0,29.6875,D
Rep. Damond Ford (D),"Ford, Damond",Damond,Ford,D,Hillsborough,40,Hillsborough-40,409097,55,55,9,35,11,0,96,28,20,29.1666666666667,D,0,29.1666666666667,D
Rep. Jeffrey Rich (D),"Rich, Jeffrey",Jeffrey,Rich,D,Strafford,12,Strafford-12,409161,55,55,1,21,33,0,96,28,60,29.1666666666667,INC,0,29.1666666666667,INC
Rep. Gary Merchant (D),"Merchant, Gary",Gary,Merchant,D,Sullivan,6,Sullivan-06,408941,55,55,13,41,1,0,96,28,1.81818181818182,29.1666666666667,D,-0.166666666675,28.9999999999917,D
Rep. Jeffrey Goley (D),"Goley, Jeffrey",Jeffrey,Goley,D,Hillsborough,21,Hillsborough-21,376227,55,55,14,40,1,0,96,29,1.81818181818182,30.2083333333333,D,-1.25,28.9583333333333,D
Rep. Jared Sullivan (D),"Sullivan, Jared",Jared,Sullivan,D,Grafton,2,Grafton-02,409178,55,55,8,34,13,0,96,27,23.6363636363636,28.125,D,0,28.125,D
Rep. Michael Abbott (D),"Abbott, Michael",Michael,Abbott,D,Cheshire,6,Cheshire-06,377279,55,55,10,36,9,0,96,27,16.3636363636364,28.125,D,-0.5,27.625,D
Rep. Karen Calabro (D),"Calabro, Karen",Karen,Calabro,D,Hillsborough,45,Hillsborough-45,409077,55,55,15,40,0,0,96,26,0,27.0833333333333,D,0,27.0833333333333,D
Rep. Mark Vallone (D),"Vallone, Mark",Mark,Vallone,D,Rockingham,5,Rockingham-05,408911,55,55,14,40,1,0,96,26,1.81818181818182,27.0833333333333,D,0,27.0833333333333,D
Rep. Charlie St. Clair (D),"St. Clair, Charlie",Charlie,St. Clair,D,Belknap,5,Belknap-05,408811,55,55,13,42,0,0,96,25,0,26.0416666666667,D-,0,26.0416666666667,D-
Rep. Laurel Stavis (D),"Stavis, Laurel",Laurel,Stavis,D,Grafton,13,Grafton-13,408840,55,55,8,34,13,0,96,25,23.6363636363636,26.0416666666667,D-,-0.25,25.7916666666667,D-
Rep. Amanda Bouldin (D),"Bouldin, Amanda",Amanda,Bouldin,D,Hillsborough,25,Hillsborough-25,377283,55,55,10,37,8,0,96,25,14.5454545454545,26.0416666666667,D-,-0.5,25.5416666666667,D-
Rep. Ellen Read (D),"Read, Ellen",Ellen,Read,D,Rockingham,10,Rockingham-10,408613,55,55,10,40,5,0,96,26,9.09090909090909,27.0833333333333,D,-2.25,24.8333333333333,D-
Rep. Kat McGhee (D),"McGhee, Kat",Kat,McGhee,D,Hillsborough,35,Hillsborough-35,408947,55,55,4,31,20,0,96,25.5,36.3636363636364,26.5625,D-,-1.75,24.8125,D-
Rep. Chris Muns (D),"Muns, Chris",Chris,Muns,D,Rockingham,29,Rockingham-29,377150,55,55,8,38,9,0,96,24,16.3636363636364,25,D-,-0.25,24.75,D-
Rep. Efstathia Booras (D),"Booras, Efstathia",Efstathia,Booras,D,Hillsborough,8,Hillsborough-08,377071,55,55,3,28,24,0,96,23.5,43.6363636363636,24.4791666666667,D-,0,24.4791666666667,D-
Rep. Allison Nutting-Wong (D),"Nutting-Wong, Allison",Allison,Nutting-Wong,D,Hillsborough,9,Hillsborough-09,406681,55,55,12,41,2,0,96,23.5,3.63636363636364,24.4791666666667,D-,0,24.4791666666667,D-
Rep. Kenneth Vincent (D),"Vincent, Kenneth",Kenneth,Vincent,D,Strafford,12,Strafford-12,408632,55,55,8,35,12,0,96,23.5,21.8181818181818,24.4791666666667,D-,0,24.4791666666667,D-
Rep. Geoffrey Smith (D),"Smith, Geoffrey",Geoffrey,Smith,D,Strafford,21,Strafford-21,409173,55,55,7,36,12,0,96,23,21.8181818181818,23.9583333333333,D-,0,23.9583333333333,D-
Rep. Jean Jeudy (D),"Jeudy, Jean",Jean,Jeudy,D,Hillsborough,23,Hillsborough-23,376657,55,55,4,31,20,0,96,22.5,36.3636363636364,23.4375,D-,0,23.4375,D-
Rep. Juliet Smith (D),"Smith, Juliet",Juliet,Smith,D,Hillsborough,18,Hillsborough-18,409172,55,55,3,32,20,0,96,22.5,36.3636363636364,23.4375,D-,0,23.4375,D-
Rep. James MacKay (D),"MacKay, James",James,MacKay,D,Merrimack,18,Merrimack-18,376028,55,55,8,38,9,0,96,22,16.3636363636364,22.9166666666667,D-,0,22.9166666666667,D-
Rep. Thomas Buco (D),"Buco, Thomas",Thomas,Buco,D,Carroll,1,Carroll-01,376645,55,55,4,32,19,0,96,22,34.5454545454545,22.9166666666667,D-,0,22.9166666666667,D-
Rep. Martin Jack (D),"Jack, Martin",Martin,Jack,D,Hillsborough,10,Hillsborough-10,377126,55,55,11,44,0,0,96,22,0,22.9166666666667,D-,0,22.9166666666667,D-
Rep. Bill Conlin (D),"Conlin, Bill",Bill,Conlin,D,Strafford,15,Strafford-15,409081,55,55,7,38,10,0,96,22,18.1818181818182,22.9166666666667,D-,0,22.9166666666667,D-
Rep. Sharon Nordgren (D),"Nordgren, Sharon",Sharon,Nordgren,D,Grafton,12,Grafton-12,373514,55,55,3,30,22,0,96,21.5,40,22.3958333333333,D-,0,22.3958333333333,D-
Rep. Bruce Tatro (D),"Tatro, Bruce",Bruce,Tatro,D,Cheshire,10,Cheshire-10,377039,55,55,6,39,10,0,96,21.5,18.1818181818182,22.3958333333333,D-,0,22.3958333333333,D-
Rep. David Huot (D),"Huot, David",David,Huot,D,Belknap,5,Belknap-05,377125,55,55,10,38,7,0,96,21.5,12.7272727272727,22.3958333333333,D-,0,22.3958333333333,D-
Rep. Will Darby (D),"Darby, Will",Will,Darby,D,Hillsborough,11,Hillsborough-11,409086,55,55,14,41,0,0,96,22,0,22.9166666666667,D-,-0.75,22.1666666666667,D-
Rep. Lorrie Carey (D),"Carey, Lorrie",Lorrie,Carey,D,Merrimack,1,Merrimack-01,377080,55,55,9,41,5,0,96,20.5,9.09090909090909,21.3541666666667,D-,0,21.3541666666667,D-
Rep. Mary Freitas (D),"Freitas, Mary",Mary,Freitas,D,Hillsborough,26,Hillsborough-26,377296,55,55,9,43,3,0,96,20.5,5.45454545454545,21.3541666666667,D-,0,21.3541666666667,D-
Rep. Corinne Cascadden (D),"Cascadden, Corinne",Corinne,Cascadden,D,Coos,5,Coos-05,409078,55,55,3,31,21,0,96,22.5,38.1818181818182,23.4375,D-,-2.25,21.1875,D-
Rep. Charlotte DiLorenzo (D),"DiLorenzo, Charlotte",Charlotte,DiLorenzo,D,Rockingham,10,Rockingham-10,408612,55,55,10,39,6,0,96,21,10.9090909090909,21.875,D-,-0.916666666625,20.958333333375,D-
Rep. Kristina Schultz (D),"Schultz, Kristina",Kristina,Schultz,D,Merrimack,29,Merrimack-29,408808,55,55,5,37,13,0,96,21,23.6363636363636,21.875,D-,-0.999999999975,20.875000000025,D-
Rep. Rebecca McBeath (D),"McBeath, Rebecca",Rebecca,McBeath,D,Rockingham,28,Rockingham-28,377309,55,55,9,42,4,0,96,20,7.27272727272727,20.8333333333333,D-,0,20.8333333333333,D-
Rep. Linda Ryan (D),"Ryan, Linda",Linda,Ryan,D,Hillsborough,4,Hillsborough-04,409164,55,55,10,45,0,0,96,20,0,20.8333333333333,D-,0,20.8333333333333,D-
Rep. Susan Elberger (D),"Elberger, Susan",Susan,Elberger,D,Hillsborough,5,Hillsborough-05,409093,55,55,10,45,0,0,96,20,0,20.8333333333333,D-,0,20.8333333333333,D-
Rep. Jim Maggiore (D),"Maggiore, Jim",Jim,Maggiore,D,Rockingham,23,Rockingham-23,408922,55,55,12,43,0,0,96,20,0,20.8333333333333,D-,-0.75,20.0833333333333,D-
Rep. Julie Gilman (D),"Gilman, Julie",Julie,Gilman,D,Rockingham,11,Rockingham-11,408615,55,55,12,43,0,0,96,19,0,19.7916666666667,F,0.083333333325,19.8749999999917,F
Rep. Barry Faulkner (D),"Faulkner, Barry",Barry,Faulkner,D,Cheshire,10,Cheshire-10,407628,55,55,10,45,0,0,96,19,0,19.7916666666667,F,0,19.7916666666667,F
Rep. Beth Richards (D),"Richards, Beth",Beth,Richards,D,Merrimack,17,Merrimack-17,408564,55,55,7,42,6,0,96,19,10.9090909090909,19.7916666666667,F,0,19.7916666666667,F
Rep. Carry Spier (D),"Spier, Carry",Carry,Spier,D,Hillsborough,6,Hillsborough-06,409174,55,55,12,43,0,0,96,19,0,19.7916666666667,F,0,19.7916666666667,F
Rep. James Roesener (D),"Roesener, James",James,Roesener,D,Merrimack,22,Merrimack-22,409163,55,55,10,45,0,0,96,19,0,19.7916666666667,F,0,19.7916666666667,F
Rep. Daniel Fitzpatrick (D),"Fitzpatrick, Daniel",Daniel,Fitzpatrick,D,Strafford,19,Strafford-19,409095,55,55,10,45,0,0,96,19,0,19.7916666666667,F,0,19.7916666666667,F
Rep. Merryl Gibbs (D),"Gibbs, Merryl",Merryl,Gibbs,D,Merrimack,23,Merrimack-23,409101,55,55,10,45,0,0,96,19,0,19.7916666666667,F,0,19.7916666666667,F
Rep. Daniel Eaton (D),"Eaton, Daniel",Daniel,Eaton,D,Cheshire,9,Cheshire-09,364729,55,55,10,44,1,0,96,19,1.81818181818182,19.7916666666667,F,-0.25,19.5416666666667,F
Rep. Christopher Herbert (D),"Herbert, Christopher",Christopher,Herbert,D,Hillsborough,24,Hillsborough-24,377303,55,55,8,39,8,0,96,18.5,14.5454545454545,19.2708333333333,F,0,19.2708333333333,F
Rep. Jaci Grote (D),"Grote, Jaci",Jaci,Grote,D,Rockingham,24,Rockingham-24,408923,55,55,10,44,1,0,96,20.5,1.81818181818182,21.3541666666667,D-,-2.5,18.8541666666667,F
Rep. Linda DiSilvestro (D),"DiSilvestro, Linda",Linda,DiSilvestro,D,Hillsborough,17,Hillsborough-17,377091,55,55,11,44,0,0,96,19,0,19.7916666666667,F,-1,18.7916666666667,F
Rep. Shaun Filiault (I),"Filiault, Shaun",Shaun,Filiault,I,Cheshire,7,Cheshire-07,409094,55,55,6,43,6,0,96,19,10.9090909090909,19.7916666666667,F,-1,18.7916666666667,F
Rep. Alissandra Murray (D),"Murray, Alissandra",Alissandra,Murray,D,Hillsborough,20,Hillsborough-20,409137,55,55,9,45,1,0,96,18.5,1.81818181818182,19.2708333333333,F,-0.5,18.7708333333333,F
Rep. Michael Pedersen (D),"Pedersen, Michael",Michael,Pedersen,D,Hillsborough,9,Hillsborough-09,408946,55,55,8,43,4,0,96,18,7.27272727272727,18.75,F,0,18.75,F
Rep. Renee Monteil (D),"Monteil, Renee",Renee,Monteil,D,Cheshire,15,Cheshire-15,409133,55,55,9,45,1,0,96,18,1.81818181818182,18.75,F,0,18.75,F
Rep. Gerri Cannon (D),"Cannon, Gerri",Gerri,Cannon,D,Strafford,12,Strafford-12,408935,55,55,10,45,0,0,96,17,0,17.7083333333333,F,0.75000000005,18.4583333333833,F
Rep. Amy Bradley (D),"Bradley, Amy",Amy,Bradley,D,Hillsborough,41,Hillsborough-41,409018,55,55,8,41,6,0,96,18.5,10.9090909090909,19.2708333333333,F,-1.25,18.0208333333333,F
Rep. Frances Nutter-Upham (D),"Nutter-Upham, Frances",Frances,Nutter-Upham,D,Hillsborough,8,Hillsborough-08,408875,55,55,9,46,0,0,96,17,0,17.7083333333333,F,0.25,17.9583333333333,F
Rep. Corinne Morse (D),"Morse, Corinne",Corinne,Morse,D,Grafton,9,Grafton-09,409134,55,55,7,44,4,0,96,17,7.27272727272727,17.7083333333333,F,0.083333333325,17.7916666666583,F
Rep. Jessica Grill (D),"Grill, Jessica",Jessica,Grill,D,Hillsborough,18,Hillsborough-18,409106,55,55,9,46,0,0,96,17,0,17.7083333333333,F,0,17.7083333333333,F
Rep. Susan Almy (D),"Almy, Susan",Susan,Almy,D,Grafton,17,Grafton-17,376095,55,55,10,45,0,0,96,17,0,17.7083333333333,F,-0.25,17.4583333333333,F
Rep. Rosemarie Rung (D),"Rung, Rosemarie",Rosemarie,Rung,D,Hillsborough,12,Hillsborough-12,408862,55,55,10,45,0,0,96,17,0,17.7083333333333,F,-0.25,17.4583333333333,F
Rep. Heath Howard (D),"Howard, Heath",Heath,Howard,D,Strafford,4,Strafford-04,409110,55,55,9,46,0,0,96,17,0,17.7083333333333,F,-0.5,17.2083333333333,F
Rep. James Murphy (D),"Murphy, James",James,Murphy,D,Grafton,12,Grafton-12,408992,55,55,9,46,0,0,96,16,0,16.6666666666667,F,0.5,17.1666666666667,F
Rep. Jane Beaulieu (D),"Beaulieu, Jane",Jane,Beaulieu,D,Hillsborough,19,Hillsborough-19,376550,55,55,7,43,5,0,96,16.5,9.09090909090909,17.1875,F,-0.25,16.9375,F
Rep. Loren Foxx (D),"Foxx, Loren",Loren,Foxx,D,Hillsborough,2,Hillsborough-02,409098,55,55,9,46,0,0,96,16,0,16.6666666666667,F,0,16.6666666666667,F
Rep. Maria Perez (D),"Perez, Maria",Maria,Perez,D,Hillsborough,43,Hillsborough-43,409008,55,55,7,45,3,0,96,16,5.45454545454545,16.6666666666667,F,0,16.6666666666667,F
Rep. Molly Howard (D),"Howard, Molly",Molly,Howard,D,Hillsborough,31,Hillsborough-31,409109,55,55,9,46,0,0,96,16,0,16.6666666666667,F,0,16.6666666666667,F
Rep. Henry  Noël (D),"Noël, Henry ",Henry ,Noël,D,Coos,5,Coos-05,408832,55,55,9,46,0,0,96,16,0,16.6666666666667,F,0,16.6666666666667,F
Rep. Mary Hakken-Phillips (D),"Hakken-Phillips, Mary",Mary,Hakken-Phillips,D,Grafton,12,Grafton-12,408990,55,55,7,42,6,0,96,16,10.9090909090909,16.6666666666667,F,0,16.6666666666667,F
Rep. Rebecca McWilliams (D),"McWilliams, Rebecca",Rebecca,McWilliams,D,Merrimack,30,Merrimack-30,408898,55,55,9,46,0,0,96,17,0,17.7083333333333,F,-1.249999999975,16.4583333333583,F
Rep. Peter Leishman (D),"Leishman, Peter",Peter,Leishman,D,Hillsborough,33,Hillsborough-33,376139,55,55,11,44,0,0,96,17,0,17.7083333333333,F,-1.25,16.4583333333333,F
Rep. Linda Tanner (D),"Tanner, Linda",Linda,Tanner,D,Sullivan,5,Sullivan-05,377179,55,55,3,37,15,0,96,17,27.2727272727273,17.7083333333333,F,-1.25,16.4583333333333,F
Rep. Robin Vogt (D),"Vogt, Robin",Robin,Vogt,D,Rockingham,21,Rockingham-21,409183,55,55,9,46,0,0,96,17,0,17.7083333333333,F,-1.5,16.2083333333333,F
Rep. Anita Burroughs (D),"Burroughs, Anita",Anita,Burroughs,D,Carroll,2,Carroll-02,408822,55,55,8,47,0,0,96,16,0,16.6666666666667,F,-0.5,16.1666666666667,F
Rep. Catherine Sofikitis (D),"Sofikitis, Catherine",Catherine,Sofikitis,D,Hillsborough,7,Hillsborough-07,408546,55,55,5,45,5,0,96,15.5,9.09090909090909,16.1458333333333,F,0,16.1458333333333,F
Rep. Heidi Hamer (D),"Hamer, Heidi",Heidi,Hamer,D,Hillsborough,19,Hillsborough-19,408859,55,55,5,43,7,0,96,15.5,12.7272727272727,16.1458333333333,F,-0.25,15.8958333333333,F
Rep. Marjorie Smith (D),"Smith, Marjorie",Marjorie,Smith,D,Strafford,10,Strafford-10,376166,55,55,10,45,0,0,96,18,0,18.75,F,-3,15.75,F
Rep. Susan Treleaven (D),"Treleaven, Susan",Susan,Treleaven,D,Strafford,21,Strafford-21,377318,55,55,9,46,0,0,96,15,0,15.625,F,0,15.625,F
Rep. Eric Turer (D),"Turer, Eric",Eric,Turer,D,Rockingham,6,Rockingham-06,409182,55,55,8,47,0,0,96,15,0,15.625,F,0,15.625,F
Rep. Eamon Kelley (D),"Kelley, Eamon",Eamon,Kelley,D,Coos,7,Coos-07,408984,55,55,7,46,2,0,96,15,3.63636363636364,15.625,F,0,15.625,F
Rep. Louis Juris (D),"Juris, Louis",Louis,Juris,D,Hillsborough,7,Hillsborough-07,409114,55,55,9,46,0,0,96,15,0,15.625,F,0,15.625,F
Rep. Chris McAleer (D),"McAleer, Chris",Chris,McAleer,D,Carroll,2,Carroll-02,408973,55,55,8,47,0,0,96,15,0,15.625,F,0,15.625,F
Rep. Sherry Dutzy (D),"Dutzy, Sherry",Sherry,Dutzy,D,Hillsborough,6,Hillsborough-06,408872,55,55,7,48,0,0,96,15,0,15.625,F,0,15.625,F
Rep. Linda Massimilla (D),"Massimilla, Linda",Linda,Massimilla,D,Grafton,1,Grafton-01,377141,55,55,9,46,0,0,96,15,0,15.625,F,-0.25,15.375,F
Rep. Brian Sullivan (D),"Sullivan, Brian",Brian,Sullivan,D,Sullivan,1,Sullivan-01,408813,55,55,9,46,0,0,96,15,0,15.625,F,-0.75,14.875,CT
Rep. Joshua Adjutant (D),"Adjutant, Joshua",Joshua,Adjutant,D,Grafton,16,Grafton-16,408844,42,55,5,33,4,0,77,12,9.52380952380952,15.5844155844156,F,-0.75,14.8344155844156,CT
Rep. Janet Wall (D),"Wall, Janet",Janet,Wall,D,Strafford,11,Strafford-11,372557,55,55,9,46,0,0,96,14,0,14.5833333333333,CT,0,14.5833333333333,CT
Rep. Timothy Soucy (D),"Soucy, Timothy",Timothy,Soucy,D,Merrimack,21,Merrimack-21,376869,55,55,8,47,0,0,96,14,0,14.5833333333333,CT,0,14.5833333333333,CT
Rep. Heather Baldwin (D),"Baldwin, Heather",Heather,Baldwin,D,Grafton,4,Grafton-04,409064,55,55,8,47,0,0,96,14,0,14.5833333333333,CT,0,14.5833333333333,CT
Rep. Shelley Devine (D),"Devine, Shelley",Shelley,Devine,D,Hillsborough,5,Hillsborough-05,409087,55,55,8,47,0,0,96,14,0,14.5833333333333,CT,0,14.5833333333333,CT
Rep. Ned Raynolds (D),"Raynolds, Ned",Ned,Raynolds,D,Rockingham,39,Rockingham-39,409159,55,55,7,48,0,0,96,14,0,14.5833333333333,CT,0,14.5833333333333,CT
Rep. Luz Bay (D),"Bay, Luz",Luz,Bay,D,Strafford,21,Strafford-21,409068,55,55,6,43,6,0,96,14,10.9090909090909,14.5833333333333,CT,0,14.5833333333333,CT
Rep. Fred Davis (D),"Davis, Fred",Fred,Davis,D,Hillsborough,3,Hillsborough-03,408873,55,55,8,47,0,0,96,14,0,14.5833333333333,CT,0,14.5833333333333,CT
Rep. Candace Moulton (D),"Moulton, Candace",Candace,Moulton,D,Hillsborough,20,Hillsborough-20,409136,55,55,7,48,0,0,96,14,0,14.5833333333333,CT,0,14.5833333333333,CT
Rep. Russell Muirhead (D),"Muirhead, Russell",Russell,Muirhead,D,Grafton,12,Grafton-12,408991,55,55,8,46,1,0,96,14.5,1.81818181818182,15.1041666666667,F,-0.75,14.3541666666667,CT
Rep. Eric Gallager (D),"Gallager, Eric",Eric,Gallager,D,Merrimack,20,Merrimack-20,409026,55,55,7,48,0,0,96,14,0,14.5833333333333,CT,-0.25,14.3333333333333,CT
Rep. Chuck Grassie (D),"Grassie, Chuck",Chuck,Grassie,D,Strafford,8,Strafford-08,408725,35,55,4,31,0,0,63,9,0,14.2857142857143,CT,0,14.2857142857143,CT
Rep. Daniel Veilleux (D),"Veilleux, Daniel",Daniel,Veilleux,D,Hillsborough,34,Hillsborough-34,409005,55,55,9,46,0,0,96,15,0,15.625,F,-1.416666666675,14.208333333325,CT
Rep. Laura Telerski (D),"Telerski, Laura",Laura,Telerski,D,Hillsborough,11,Hillsborough-11,408878,55,55,8,47,0,0,96,14,0,14.5833333333333,CT,-0.41666666665,14.1666666666833,CT
Rep. Ben Ming (D),"Ming, Ben",Ben,Ming,D,Hillsborough,35,Hillsborough-35,409132,55,55,7,45,3,0,96,13.5,5.45454545454545,14.0625,CT,0,14.0625,CT
Rep. Dianne Schuett (D),"Schuett, Dianne",Dianne,Schuett,D,Merrimack,12,Merrimack-12,376862,55,55,9,46,0,0,96,15,0,15.625,F,-1.75,13.875,CT
Rep. Mark Paige (D),"Paige, Mark",Mark,Paige,D,Rockingham,11,Rockingham-11,409042,55,55,9,46,0,0,96,15,0,15.625,F,-1.75,13.875,CT
Rep. Cam Kenney (D),"Kenney, Cam",Cam,Kenney,D,Strafford,10,Strafford-10,408932,55,55,10,45,0,0,96,18,0,18.75,F,-5,13.75,CT
Rep. Joe Schapiro (D),"Schapiro, Joe",Joe,Schapiro,D,Cheshire,16,Cheshire-16,408830,55,55,7,48,0,0,96,13,0,13.5416666666667,CT,0.166666666675,13.7083333333417,CT
Rep. Amanda Toll (D),"Toll, Amanda",Amanda,Toll,D,Cheshire,15,Cheshire-15,408980,55,55,7,48,0,0,96,14,0,14.5833333333333,CT,-0.999999999975,13.5833333333583,CT
Rep. John Cloutier (D),"Cloutier, John",John,Cloutier,D,Sullivan,6,Sullivan-06,375829,55,55,8,47,0,0,96,13,0,13.5416666666667,CT,0,13.5416666666667,CT
Rep. Jennifer Morton (D),"Morton, Jennifer",Jennifer,Morton,D,Hillsborough,34,Hillsborough-34,409135,55,55,7,48,0,0,96,13,0,13.5416666666667,CT,0,13.5416666666667,CT
Rep. Stephanie Payeur (D),"Payeur, Stephanie",Stephanie,Payeur,D,Merrimack,8,Merrimack-08,409148,55,55,8,47,0,0,96,13,0,13.5416666666667,CT,0,13.5416666666667,CT
Rep. Angela Brennan (D),"Brennan, Angela",Angela,Brennan,D,Merrimack,9,Merrimack-09,409071,55,55,7,48,0,0,96,13,0,13.5416666666667,CT,0,13.5416666666667,CT
Rep. Cecilia Rich (D),"Rich, Cecilia",Cecilia,Rich,D,Strafford,12,Strafford-12,408937,55,55,7,48,0,0,96,13,0,13.5416666666667,CT,0,13.5416666666667,CT
Rep. Jerry Stringham (D),"Stringham, Jerry",Jerry,Stringham,D,Grafton,3,Grafton-03,408834,55,55,7,48,0,0,96,13,0,13.5416666666667,CT,-0.25,13.2916666666667,CT
Rep. Jodi Newell (D),"Newell, Jodi",Jodi,Newell,D,Cheshire,4,Cheshire-04,409139,55,55,7,47,1,0,96,13.5,1.81818181818182,14.0625,CT,-0.91666666665,13.14583333335,CT
Rep. Michael O'Brien (D),"O'Brien, Michael",Michael,O'Brien,D,Hillsborough,10,Hillsborough-10,376720,55,55,8,47,0,0,96,13,0,13.5416666666667,CT,-0.5,13.0416666666667,CT
Rep. Cathryn Harvey (D),"Harvey, Cathryn",Cathryn,Harvey,D,Cheshire,6,Cheshire-06,408479,55,55,7,47,1,0,96,12.5,1.81818181818182,13.0208333333333,CT,0,13.0208333333333,CT
Rep. Bill Bolton (D),"Bolton, Bill",Bill,Bolton,D,Grafton,8,Grafton-08,409070,55,55,7,48,0,0,96,12,0,12.5,CT,0.5,13,CT
Rep. Jacqueline Chretien (D),"Chretien, Jacqueline",Jacqueline,Chretien,D,Hillsborough,41,Hillsborough-41,408886,55,55,7,47,1,0,96,15,1.81818181818182,15.625,F,-2.75,12.875,CT
Rep. Michael Cahill (D),"Cahill, Michael",Michael,Cahill,D,Rockingham,10,Rockingham-10,377079,55,55,8,46,1,0,96,13,1.81818181818182,13.5416666666667,CT,-0.75,12.7916666666667,CT
Rep. Wendy Thomas (D),"Thomas, Wendy",Wendy,Thomas,D,Hillsborough,12,Hillsborough-12,408864,55,55,6,49,0,0,96,12,0,12.5,CT,0.250000000025,12.750000000025,CT
Rep. Timothy Horrigan (D),"Horrigan, Timothy",Timothy,Horrigan,D,Strafford,10,Strafford-10,376826,55,55,7,46,2,0,96,16.5,3.63636363636364,17.1875,F,-4.5,12.6875,CT
Rep. Catherine Rombeau (D),"Rombeau, Catherine",Catherine,Rombeau,D,Hillsborough,2,Hillsborough-02,409057,55,55,8,47,0,0,96,13,0,13.5416666666667,CT,-1,12.5416666666667,CT
Rep. Tony Caplan (D),"Caplan, Tony",Tony,Caplan,D,Merrimack,8,Merrimack-08,409023,55,55,6,48,1,0,96,12.5,1.81818181818182,13.0208333333333,CT,-0.5,12.5208333333333,CT
Rep. Peter Bixby (D),"Bixby, Peter",Peter,Bixby,D,Strafford,13,Strafford-13,377070,55,55,7,48,0,0,96,12,0,12.5,CT,0,12.5,CT
Rep. Mark MacKenzie (D),"MacKenzie, Mark",Mark,MacKenzie,D,Hillsborough,40,Hillsborough-40,408516,55,55,7,48,0,0,96,12,0,12.5,CT,0,12.5,CT
Rep. Tommy Hoyt (D),"Hoyt, Tommy",Tommy,Hoyt,D,Grafton,7,Grafton-07,409112,55,55,6,47,2,0,96,12,3.63636363636364,12.5,CT,0,12.5,CT
Rep. Heather Raymond (D),"Raymond, Heather",Heather,Raymond,D,Hillsborough,5,Hillsborough-05,409158,55,55,7,47,1,0,96,12,1.81818181818182,12.5,CT,0,12.5,CT
Rep. Alicia Gregg (D),"Gregg, Alicia",Alicia,Gregg,D,Hillsborough,7,Hillsborough-07,409105,55,55,7,48,0,0,96,12,0,12.5,CT,0,12.5,CT
Rep. Daniel LeClerc (D),"LeClerc, Daniel",Daniel,LeClerc,D,Hillsborough,34,Hillsborough-34,409123,55,55,7,48,0,0,96,12,0,12.5,CT,0,12.5,CT
Rep. Gail Pare (D),"Pare, Gail",Gail,Pare,D,Strafford,16,Strafford-16,409147,55,55,7,48,0,0,96,12,0,12.5,CT,0,12.5,CT
Rep. Connie Lane (D),"Lane, Connie",Connie,Lane,D,Merrimack,16,Merrimack-16,408890,55,55,7,48,0,0,96,12,0,12.5,CT,0,12.5,CT
Rep. David Paige (D),"Paige, David",David,Paige,D,Carroll,1,Carroll-01,409144,55,55,7,48,0,0,96,12,0,12.5,CT,0,12.5,CT
Rep. Christine Seibert (D),"Seibert, Christine",Christine,Seibert,D,Hillsborough,21,Hillsborough-21,409166,55,55,8,47,0,0,96,14,0,14.5833333333333,CT,-2.333333333325,12.2500000000083,CT
Rep. Gaby Grossman (D),"Grossman, Gaby",Gaby,Grossman,D,Rockingham,11,Rockingham-11,408918,55,55,5,44,6,0,96,12,10.9090909090909,12.5,CT,-0.25,12.25,CT
Rep. Stephen Woodcock (D),"Woodcock, Stephen",Stephen,Woodcock,D,Carroll,1,Carroll-01,408824,55,55,6,48,1,0,96,13.5,1.81818181818182,14.0625,CT,-2,12.0625,CT
Rep. Hope Damon (D),"Damon, Hope",Hope,Damon,D,Sullivan,8,Sullivan-08,409085,55,55,6,49,0,0,96,11,0,11.4583333333333,CT,0.5,11.9583333333333,CT
Rep. George Sykes (D),"Sykes, George",George,Sykes,D,Grafton,14,Grafton-14,377176,55,55,6,48,1,0,96,12,1.81818181818182,12.5,CT,-0.583333333325,11.916666666675,CT
Rep. Peter Schmidt (D),"Schmidt, Peter",Peter,Schmidt,D,Strafford,14,Strafford-14,376521,55,55,7,48,0,0,96,12,0,12.5,CT,-0.66666666665,11.83333333335,CT
Rep. Steve Shurtleff (D),"Shurtleff, Steve",Steve,Shurtleff,D,Merrimack,15,Merrimack-15,376628,55,55,8,47,0,0,96,14,0,14.5833333333333,CT,-2.75,11.8333333333333,CT
Rep. Arthur Ellison (D),"Ellison, Arthur",Arthur,Ellison,D,Merrimack,28,Merrimack-28,408897,55,55,7,48,0,0,96,13,0,13.5416666666667,CT,-1.75,11.7916666666667,CT
Rep. Matthew Wilhelm (D),"Wilhelm, Matthew",Matthew,Wilhelm,D,Hillsborough,40,Hillsborough-40,408887,55,55,7,48,0,0,96,13,0,13.5416666666667,CT,-1.8333333333,11.7083333333667,CT
Rep. Donald Bouchard (D),"Bouchard, Donald",Donald,Bouchard,D,Hillsborough,24,Hillsborough-24,408854,55,55,7,48,0,0,96,12,0,12.5,CT,-1,11.5,CT
Rep. Jessica LaMontagne (D),"LaMontagne, Jessica",Jessica,LaMontagne,D,Strafford,17,Strafford-17,409120,55,55,6,49,0,0,96,11,0,11.4583333333333,CT,0,11.4583333333333,CT
Rep. Philip Jones (D),"Jones, Philip",Philip,Jones,D,Cheshire,3,Cheshire-03,409113,55,55,5,50,0,0,96,11,0,11.4583333333333,CT,0,11.4583333333333,CT
Rep. Latha Mangipudi (D),"Mangipudi, Latha",Latha,Mangipudi,D,Hillsborough,11,Hillsborough-11,377200,55,55,6,49,0,0,96,11,0,11.4583333333333,CT,-0.25,11.2083333333333,CT
Rep. Mary Jane Wallner (D),"Wallner, Mary Jane",Mary Jane,Wallner,D,Merrimack,19,Merrimack-19,368423,55,55,6,49,0,0,96,12,0,12.5,CT,-1.5,11,CT
Rep. Karen Ebel (D),"Ebel, Karen",Karen,Ebel,D,Merrimack,7,Merrimack-07,377093,55,55,7,48,0,0,96,11,0,11.4583333333333,CT,-0.5,10.9583333333333,CT
Rep. Sue Newman (D),"Newman, Sue",Sue,Newman,D,Hillsborough,4,Hillsborough-04,408537,55,55,6,49,0,0,96,11,0,11.4583333333333,CT,-0.5,10.9583333333333,CT
Rep. Lucius Parshall (D),"Parshall, Lucius",Lucius,Parshall,D,Cheshire,8,Cheshire-08,408976,55,55,6,49,0,0,96,11,0,11.4583333333333,CT,-0.5,10.9583333333333,CT
Rep. Nicole Leapley (D),"Leapley, Nicole",Nicole,Leapley,D,Hillsborough,22,Hillsborough-22,409122,55,55,5,49,1,0,96,10.5,1.81818181818182,10.9375,CT,0,10.9375,CT
Rep. Peter Lovett (D),"Lovett, Peter",Peter,Lovett,D,Grafton,8,Grafton-08,409125,55,55,4,47,4,0,96,10.5,7.27272727272727,10.9375,CT,0,10.9375,CT
Rep. David Preece (D),"Preece, David",David,Preece,D,Hillsborough,17,Hillsborough-17,801430,55,55,7,48,0,0,96,12,0,12.5,CT,-1.666666666675,10.833333333325,CT
Rep. Dennis Malloy (D),"Malloy, Dennis",Dennis,Malloy,D,Rockingham,24,Rockingham-24,377137,55,55,7,48,0,0,96,11,0,11.4583333333333,CT,-0.75,10.7083333333333,CT
Rep. William Palmer (D),"Palmer, William",William,Palmer,D,Sullivan,2,Sullivan-02,409145,55,55,6,49,0,0,96,10,0,10.4166666666667,CT,0.083333333325,10.4999999999917,CT
Rep. Allan Howland (D),"Howland, Allan",Allan,Howland,D,Strafford,20,Strafford-20,409111,55,55,6,49,0,0,96,11,0,11.4583333333333,CT,-1,10.4583333333333,CT
Rep. Nicholas Germana (D),"Germana, Nicholas",Nicholas,Germana,D,Cheshire,1,Cheshire-01,409100,55,55,5,50,0,0,96,11,0,11.4583333333333,CT,-1,10.4583333333333,CT
Rep. Zoe Manos (D),"Manos, Zoe",Zoe,Manos,D,Rockingham,12,Rockingham-12,409128,55,55,5,50,0,0,96,10,0,10.4166666666667,CT,0,10.4166666666667,CT
Rep. Richard Ames (D),"Ames, Richard",Richard,Ames,D,Cheshire,13,Cheshire-13,377061,55,55,6,49,0,0,96,11,0,11.4583333333333,CT,-1.25,10.2083333333333,CT
Rep. Joan Hamblet (D),"Hamblet, Joan",Joan,Hamblet,D,Rockingham,26,Rockingham-26,409045,55,55,6,49,0,0,96,11,0,11.4583333333333,CT,-1.25,10.2083333333333,CT
Rep. Dru Fox (D),"Fox, Dru",Dru,Fox,D,Cheshire,2,Cheshire-02,408975,55,55,6,49,0,0,96,10,0,10.4166666666667,CT,-0.25,10.1666666666667,CT
Rep. Suzanne Vail (D),"Vail, Suzanne",Suzanne,Vail,D,Hillsborough,6,Hillsborough-06,377185,55,55,7,48,0,0,96,13,0,13.5416666666667,CT,-3.583333333325,9.95833333334167,CT
Rep. Kate Murray (D),"Murray, Kate",Kate,Murray,D,Rockingham,22,Rockingham-22,408619,55,55,6,49,0,0,96,10,0,10.4166666666667,CT,-0.5,9.91666666666667,CT
Rep. Thomas Southworth (D),"Southworth, Thomas",Thomas,Southworth,D,Strafford,11,Strafford-11,377316,55,55,3,47,5,0,96,9.5,9.09090909090909,9.89583333333333,CT,0,9.89583333333333,CT
Rep. Linda Haskins (D),"Haskins, Linda",Linda,Haskins,D,Rockingham,11,Rockingham-11,409107,55,55,4,47,4,0,96,9.5,7.27272727272727,9.89583333333333,CT,0,9.89583333333333,CT
Rep. Peter Petrigno (D),"Petrigno, Peter",Peter,Petrigno,D,Hillsborough,43,Hillsborough-43,408958,55,55,6,49,0,0,96,11,0,11.4583333333333,CT,-1.75,9.70833333333333,CT
Rep. Lucy Weber (D),"Weber, Lucy",Lucy,Weber,D,Cheshire,5,Cheshire-05,376668,55,55,5,50,0,0,96,9,0,9.375,CT,0,9.375,CT
Rep. Candice O'Neil (D),"O'Neil, Candice",Candice,O'Neil,D,Rockingham,29,Rockingham-29,409142,55,55,5,50,0,0,96,9,0,9.375,CT,0,9.375,CT
Rep. Ray Newman (D),"Newman, Ray",Ray,Newman,D,Hillsborough,4,Hillsborough-04,408871,55,55,5,50,0,0,96,9,0,9.375,CT,0,9.375,CT
Rep. Michael Edgar (D),"Edgar, Michael",Michael,Edgar,D,Rockingham,29,Rockingham-29,377778,55,55,7,48,0,0,96,10,0,10.4166666666667,CT,-1.25,9.16666666666667,CT
Rep. Sallie Fellows (D),"Fellows, Sallie",Sallie,Fellows,D,Grafton,8,Grafton-08,408836,55,55,6,49,0,0,96,9,0,9.375,CT,-0.25,9.125,CT
Rep. Alexis Simpson (D),"Simpson, Alexis",Alexis,Simpson,D,Rockingham,33,Rockingham-33,377314,55,55,6,49,0,0,96,11,0,11.4583333333333,CT,-2.5,8.95833333333333,CT
Rep. Nancy Murphy (D),"Murphy, Nancy",Nancy,Murphy,D,Hillsborough,12,Hillsborough-12,408861,55,55,6,49,0,0,96,10,0,10.4166666666667,CT,-1.5,8.91666666666667,CT
Rep. Gerald Ward (D),"Ward, Gerald",Gerald,Ward,D,Rockingham,27,Rockingham-27,377188,55,55,5,50,0,0,96,8,0,8.33333333333333,CT,0,8.33333333333333,CT
Rep. Kathy Staub (D),"Staub, Kathy",Kathy,Staub,D,Hillsborough,25,Hillsborough-25,409176,55,55,5,50,0,0,96,9,0,9.375,CT,-1.25,8.125,CT
Rep. Patricia Cornell (D),"Cornell, Patricia",Patricia,Cornell,D,Hillsborough,22,Hillsborough-22,377289,55,55,5,50,0,0,96,8,0,8.33333333333333,CT,-0.5,7.83333333333333,CT
Rep. Loren Selig (D),"Selig, Loren",Loren,Selig,D,Strafford,10,Strafford-10,409168,55,55,5,50,0,0,96,8,0,8.33333333333333,CT,-0.75,7.58333333333333,CT
Rep. Muriel Hall (D),"Hall, Muriel",Muriel,Hall,D,Merrimack,9,Merrimack-09,409056,55,55,5,50,0,0,96,7,0,7.29166666666667,CT,-0.5,6.79166666666667,CT
Rep. Megan Murray (D),"Murray, Megan",Megan,Murray,D,Hillsborough,37,Hillsborough-37,408943,55,55,4,51,0,0,96,8,0,8.33333333333333,CT,-1.75,6.58333333333333,CT
Rep. Peggy Balboni (D),"Balboni, Peggy",Peggy,Balboni,D,Rockingham,38,Rockingham-38,409063,55,55,4,51,0,0,96,7,0,7.29166666666667,CT,-0.75,6.54166666666667,CT
Rep. Cassandra  Levesque (D),"Levesque, Cassandra ",Cassandra ,Levesque,D,Strafford,4,Strafford-04,408930,55,55,6,49,0,0,96,11,0,11.4583333333333,CT,-5,6.45833333333333,CT
Rep. Judi Lanza (D),"Lanza, Judi",Judi,Lanza,D,Hillsborough,29,Hillsborough-29,409121,55,55,4,51,0,0,96,6,0,6.25,CT,0,6.25,CT
Rep. Allison Knab (D),"Knab, Allison",Allison,Knab,D,Rockingham,12,Rockingham-12,409118,55,55,4,51,0,0,96,6,0,6.25,CT,-0.5,5.75,CT
Rep. Thomas Cormen (D),"Cormen, Thomas",Thomas,Cormen,D,Grafton,15,Grafton-15,409084,55,55,5,50,0,0,96,6,0,6.25,CT,-0.5,5.75,CT
Rep. Patrick Long (D),"Long, Patrick",Patrick,Long,D,Hillsborough,23,Hillsborough-23,376696,55,55,5,50,0,0,96,6,0,6.25,CT,-0.75,5.5,CT
Rep. Mary Heath (D),"Heath, Mary",Mary,Heath,D,Hillsborough,41,Hillsborough-41,377199,55,55,4,51,0,0,96,8,0,8.33333333333333,CT,-3.25,5.08333333333333,CT
Rep. Linda Harriott-Gathright (D),"Harriott-Gathright, Linda",Linda,Harriott-Gathright,D,Hillsborough,10,Hillsborough-10,377113,55,55,5,50,0,0,96,7,0,7.29166666666667,CT,-2.333333333325,4.95833333334167,CT
Rep. David Luneau (D),"Luneau, David",David,Luneau,D,Merrimack,9,Merrimack-09,377307,55,55,5,50,0,0,96,8,0,8.33333333333333,CT,-3.916666666675,4.41666666665833,CT
Rep. David Meuse (D),"Meuse, David",David,Meuse,D,Rockingham,37,Rockingham-37,408924,55,55,5,50,0,0,96,8,0,8.33333333333333,CT,-5,3.33333333333333,CT
Rep. Mel Myler (D),"Myler, Mel",Mel,Myler,D,Merrimack,9,Merrimack-09,377153,55,55,4,51,0,0,96,5,0,5.20833333333333,CT,-2.166666666675,3.04166666665833,CT
